{
  "Student 1": {
    "x": 1153.937077370255,
    "y": 296.89884126345896,
    "fx": 1153.937077370255,
    "fy": 296.89884126345896
  },
  "Student 2": {
    "x": 1110.2240237463297,
    "y": 185.21500932507104,
    "fx": 1110.2240237463297,
    "fy": 185.21500932507104
  },
  "Student 3": {
    "x": 1136.5688708246387,
    "y": 210.53528230558913,
    "fx": 1136.5688708246387,
    "fy": 210.53528230558913
  },
  "Student 4": {
    "x": 1211.4066732557685,
    "y": 180.8391398694538,
    "fx": 1211.4066732557685,
    "fy": 180.8391398694538
  },
  "Student 5": {
    "x": 1059.271856480088,
    "y": 292.316521003666,
    "fx": 1059.271856480088,
    "fy": 292.316521003666
  },
  "Faculty Mentor 1": {
    "x": 1476.7842524549217,
    "y": 235.64193377764911,
    "fx": 1476.7842524549217,
    "fy": 235.64193377764911
  },
  "Faculty Mentor 2": {
    "x": 1071.7553193526433,
    "y": 584.7815909858314,
    "fx": 1071.7553193526433,
    "fy": 584.7815909858314
  },
  "Peer Mentor 1": {
    "x": 1244.7465167143205,
    "y": 482.2866732381133,
    "fx": 1244.7465167143205,
    "fy": 482.2866732381133
  },
  "label-A Fragile Future? The Shrinking Backbone and Rising Rigidity of the U.S. Labor Market": {
    "x": 1253.9304556293132,
    "y": 242.33567164384158,
    "fx": 1258.5204612749706,
    "fy": 242.68763505424857
  },
  "Student 6": {
    "x": 477.14547109634964,
    "y": 646.0192463621524,
    "fx": 477.14547109634964,
    "fy": 646.0192463621524
  },
  "Student 7": {
    "x": 361.167157041211,
    "y": 559.0431960886474,
    "fx": 361.167157041211,
    "fy": 559.0431960886474
  },
  "Student 8": {
    "x": 375.35369421307905,
    "y": 658.3887297153892,
    "fx": 375.35369421307905,
    "fy": 658.3887297153892
  },
  "Faculty Mentor 3": {
    "x": 582.0075232148907,
    "y": 539.9612321792986,
    "fx": 582.0075232148907,
    "fy": 539.9612321792986
  },
  "Peer Mentor 2": {
    "x": 304.4453631326347,
    "y": 292.94823559413095,
    "fx": 304.4453631326347,
    "fy": 292.94823559413095
  },
  "label-The Political Strategy of Care Networks in Response to State Violence in Rio de Janeiro, Brazil from 2006 to 2024": {
    "x": 390.49250497292803,
    "y": 620.2081810956263,
    "fx": 390.49250497292803,
    "fy": 620.2081810956263
  },
  "Student 9": {
    "x": 676.7866659926875,
    "y": -94.04841126222985,
    "fx": 676.7866659926875,
    "fy": -94.04841126222985
  },
  "Student 10": {
    "x": 603.5581271836761,
    "y": -27.372243191743337,
    "fx": 603.5581271836761,
    "fy": -27.372243191743337
  },
  "Student 11": {
    "x": 585.3441271208236,
    "y": -76.32347325019992,
    "fx": 585.3441271208236,
    "fy": -76.32347325019992
  },
  "Student 12": {
    "x": 486.23125739271165,
    "y": -4.430201027290991,
    "fx": 486.23125739271165,
    "fy": -4.430201027290991
  },
  "Faculty Mentor 4": {
    "x": 412.1934022234518,
    "y": -131.47998241777793,
    "fx": 412.1934022234518,
    "fy": -131.47998241777793
  },
  "Faculty Mentor 5": {
    "x": 327.7115333258066,
    "y": 7.690469047975,
    "fx": 327.7115333258066,
    "fy": 7.690469047975
  },
  "Peer Mentor 3": {
    "x": 469.1261358744317,
    "y": 202.65637341254126,
    "fx": 469.1261358744317,
    "fy": 202.65637341254126
  },
  "label-Architectures of Agreement": {
    "x": 531.481665750059,
    "y": -45.226095328450995,
    "fx": 531.481665750059,
    "fy": -45.226095328450995
  },
  "Student 13": {
    "x": 673.155617905802,
    "y": 296.8643870716147,
    "fx": 673.155617905802,
    "fy": 296.8643870716147
  },
  "Student 14": {
    "x": 726.5375317815272,
    "y": 354.6275178245292,
    "fx": 726.5375317815272,
    "fy": 354.6275178245292
  },
  "Student 15": {
    "x": 656.509332676706,
    "y": 337.4588855514928,
    "fx": 656.509332676706,
    "fy": 337.4588855514928
  },
  "label-Queering Complexity": {
    "x": 581.7475530654633,
    "y": 290.00993174435,
    "fx": 581.7475530654633,
    "fy": 290.00993174435
  },
  "Student 16": {
    "x": 879.2226760882672,
    "y": -126.15143721260466,
    "fx": 879.2226760882672,
    "fy": -126.15143721260466
  },
  "Student 17": {
    "x": 845.6263825040131,
    "y": -158.6242158084779,
    "fx": 845.6263825040131,
    "fy": -158.6242158084779
  },
  "Student 18": {
    "x": 763.5262055723488,
    "y": -144.3737155133357,
    "fx": 763.5262055723488,
    "fy": -144.3737155133357
  },
  "Student 19": {
    "x": 803.586378853912,
    "y": -164.6600834056286,
    "fx": 803.586378853912,
    "fy": -164.6600834056286
  },
  "Student 20": {
    "x": 903.8886481460211,
    "y": 54.604405353474455,
    "fx": 903.8886481460211,
    "fy": 54.604405353474455
  },
  "Faculty Mentor 6": {
    "x": 837.8861466069435,
    "y": 109.43485294755041,
    "fx": 837.8861466069435,
    "fy": 109.43485294755041
  },
  "label-Cultural Evolution Through Immigration, Media and Identity: A Language Evolutionary Agent-Based Model": {
    "x": 814.7840757484595,
    "y": -93.33225198353296,
    "fx": 814.7840757484595,
    "fy": -93.33225198353296
  },
  "Student 21": {
    "x": 986.1390312247861,
    "y": 12.335984786525728,
    "fx": 986.1390312247861,
    "fy": 12.335984786525728
  },
  "Student 22": {
    "x": 1095.1655322901313,
    "y": 100.19236128487972,
    "fx": 1095.1655322901313,
    "fy": 100.19236128487972
  },
  "Student 23": {
    "x": 969.8326652922035,
    "y": 162.26094715537317,
    "fx": 969.8326652922035,
    "fy": 162.26094715537317
  },
  "Faculty Mentor 7": {
    "x": 1140.7987198211895,
    "y": -107.42012211217232,
    "fx": 1140.7987198211895,
    "fy": -107.42012211217232
  },
  "label-A Network Analysis of Factors Influencing Academic and Socioemotional Learning in Peruvian Primary Schools": {
    "x": 1000.3870907110975,
    "y": 83.29084156806272,
    "fx": 1000.3870907110975,
    "fy": 83.29084156806272
  },
  "Student 24": {
    "x": 915.5989302286469,
    "y": 468.78268204467906,
    "fx": 915.5989302286469,
    "fy": 468.78268204467906
  },
  "Student 25": {
    "x": 973.06246745112,
    "y": 325.03159474423796,
    "fx": 973.06246745112,
    "fy": 325.03159474423796
  },
  "Student 26": {
    "x": 880.6312575966665,
    "y": 505.3320150943962,
    "fx": 880.6312575966665,
    "fy": 505.3320150943962
  },
  "Phileas Dazeley-Gaist": {
    "x": 897.119455677333,
    "y": 368.31502814841497,
    "fx": 897.119455677333,
    "fy": 368.31502814841497
  },
  "Student 27": {
    "x": 898.0068963266338,
    "y": 252.45413396964204,
    "fx": 898.0068963266338,
    "fy": 252.45413396964204
  },
  "Student 28": {
    "x": 980.9075268558036,
    "y": 268.8853837990081,
    "fx": 980.9075268558036,
    "fy": 268.8853837990081
  },
  "Student 29": {
    "x": 867.4955561224463,
    "y": 294.83719422128524,
    "fx": 867.4955561224463,
    "fy": 294.83719422128524
  },
  "Student 30": {
    "x": 885.7150718117198,
    "y": 458.6987416309111,
    "fx": 885.7150718117198,
    "fy": 458.6987416309111
  },
  "Faculty Mentor 8": {
    "x": 560.8372397233132,
    "y": 194.05862991156374,
    "fx": 560.8372397233132,
    "fy": 194.05862991156374
  },
  "label-Growing a Sympoietic Art Organism": {
    "x": 1029.078103793258,
    "y": 396.09013737446855,
    "fx": 1029.078103793258,
    "fy": 396.09013737446855
  },
  "Student 31": {
    "x": 1196.4759735528037,
    "y": 672.6664167676535,
    "fx": 1196.4759735528037,
    "fy": 672.6664167676535
  },
  "Student 32": {
    "x": 1322.8420164936708,
    "y": 690.9743118287107,
    "fx": 1322.8420164936708,
    "fy": 690.9743118287107
  },
  "Student 33": {
    "x": 1239.3884590345756,
    "y": 715.6022486200214,
    "fx": 1239.3884590345756,
    "fy": 715.6022486200214
  },
  "Student 34": {
    "x": 1266.2181745078292,
    "y": 565.8703609064562,
    "fx": 1266.2181745078292,
    "fy": 565.8703609064562
  },
  "Faculty Mentor 9": {
    "x": 1392.4304704964984,
    "y": 588.2821100560891,
    "fx": 1392.4304704964984,
    "fy": 588.2821100560891
  },